SCHOOL_NAME,OPI_SC,ncessch,CITY,COUNTY,DISTRICT_NAME,LE_NUMBER,DIST_TYPE,pct_change_20yr,pct_change_10yr,pct_change_5yr,ccd_enroll_2003,ccd_enroll_2004,ccd_enroll_2005,ccd_enroll_2006,ccd_enroll_2007,ccd_enroll_2008,ccd_enroll_2009,ccd_enroll_2010,ccd_enroll_2011,ccd_enroll_2012,ccd_enroll_2013,ccd_enroll_2014,ccd_enroll_2015,ccd_enroll_2016,ccd_enroll_2017,ccd_enroll_2018,ccd_enroll_2019,ccd_enroll_2020,ccd_enroll_2021,ccd_enroll_2022,ccd_enroll_2023,longitude,latitude
Saco High School,0873,302340000683,Saco,Phillips,SACO HIGH SCHOOL,657,Secondary,-53.333333333333336,-6.666666666666667,-17.647058823529413,30.0,32.0,34.0,30.0,28.0,33.0,33.0,30.0,24.0,17.0,15.0,15.0,13.0,12.0,18.0,17.0,13.0,16.0,15.0,10.0,14.0,-107.34472,48.460484
Simms High School,0174,302433000704,Simms,Cascade,SIMMS HIGH SCHOOL,118,Secondary,-27.33812949640288,-1.9417475728155336,2.0202020202020203,139.0,121.0,123.0,108.0,113.0,115.0,106.0,114.0,105.0,99.0,103.0,98.0,89.0,90.0,101.0,99.0,100.0,119.0,112.0,101.0,101.0,-111.928049,47.491617
Beaverhead Co High School,0023,300309000041,Dillon,Beaverhead,BEAVERHEAD COUNTY HIGH SCHOOL,6,Secondary,-19.61722488038277,-3.7249283667621778,9.446254071661238,418.0,414.0,392.0,375.0,372.0,336.0,344.0,363.0,336.0,355.0,349.0,343.0,332.0,326.0,310.0,307.0,326.0,323.0,325.0,339.0,336.0,-112.633216,45.216709
Superior High School,0768,302547000729,Superior,Mineral,SUPERIOR K-12 SCHOOLS,579,Unified,-26.95035460992908,3.0,45.07042253521127,141.0,132.0,124.0,119.0,138.0,143.0,135.0,110.0,110.0,109.0,100.0,86.0,76.0,75.0,73.0,71.0,89.0,105.0,110.0,112.0,103.0,-114.879975,47.18872
Manhattan H S,0465,301764000548,Manhattan,Gallatin,MANHATTAN HIGH SCHOOL,348,Secondary,12.61682242990654,20.5,-11.07011070110701,214.0,219.0,205.0,208.0,223.0,203.0,196.0,201.0,183.0,190.0,200.0,204.0,220.0,239.0,256.0,271.0,259.0,249.0,260.0,239.0,241.0,-111.329909,45.861827
Huntley Project High Schl,1298,301470000452,Worden,Yellowstone,HUNTLEY PROJECT K-12 SCHOOLS,983,Unified,-20.437956204379564,-15.503875968992247,-13.147410358565736,274.0,269.0,247.0,253.0,230.0,227.0,240.0,228.0,232.0,240.0,258.0,247.0,262.0,261.0,259.0,251.0,235.0,228.0,215.0,230.0,218.0,-108.164978,45.960852
Laurel High School,1284,301623000501,Laurel,Yellowstone,LAUREL HIGH SCHOOL,971,Secondary,10.326086956521738,-6.163328197226503,-5.14018691588785,552.0,551.0,585.0,582.0,613.0,631.0,616.0,616.0,631.0,609.0,649.0,662.0,661.0,652.0,635.0,642.0,641.0,646.0,629.0,619.0,609.0,-108.769929,45.676939
St Ignatius High School,0643,300611000175,St Ignatius,Lake,ST IGNATIUS K-12 SCHOOLS,481,Unified,-27.41935483870968,5.46875,-2.1739130434782608,186.0,179.0,166.0,151.0,147.0,148.0,155.0,153.0,150.0,126.0,128.0,122.0,139.0,139.0,138.0,138.0,128.0,129.0,136.0,141.0,135.0,-114.091066,47.318739
Stanford High School,0618,302499000717,Stanford,Judith Basin,STANFORD K-12 SCHOOLS,464,Unified,-43.103448275862064,50.0,-5.714285714285714,58.0,50.0,52.0,53.0,47.0,47.0,43.0,36.0,31.0,24.0,22.0,19.0,22.0,28.0,37.0,35.0,27.0,25.0,25.0,30.0,33.0,-110.218523,47.14871
Westby High School,1062,302773000771,Westby,Sheridan,WESTBY K-12 SCHOOLS,819,Unified,111.11111111111111,-24.0,11.76470588235294,9.0,11.0,14.0,16.0,17.0,13.0,18.0,22.0,25.0,24.0,25.0,24.0,20.0,23.0,19.0,17.0,24.0,19.0,24.0,24.0,19.0,-104.050237,48.866972
Belgrade High School,0491,300333000046,Belgrade,Gallatin,BELGRADE HIGH SCHOOL,369,Secondary,33.60215053763441,16.39344262295082,3.005181347150259,744.0,781.0,802.0,813.0,861.0,828.0,830.0,887.0,834.0,849.0,854.0,857.0,826.0,860.0,900.0,965.0,1001.0,987.0,1036.0,994.0,994.0,-111.178171,45.781955
Belfry High School,0103,300327000043,Belfry,Carbon,BELFRY K-12 SCHOOLS,76,Unified,-69.56521739130434,75.0,-30.0,46.0,38.0,47.0,31.0,34.0,27.0,17.0,14.0,9.0,9.0,8.0,13.0,12.0,18.0,15.0,20.0,18.0,21.0,16.0,17.0,14.0,-109.005315,45.142883
Terry High School,0958,302595000736,Terry,Prairie,TERRY K-12 SCHOOLS,726,Unified,-38.46153846153847,-4.761904761904762,8.108108108108109,65.0,61.0,53.0,40.0,35.0,37.0,42.0,51.0,54.0,47.0,42.0,42.0,45.0,36.0,45.0,37.0,29.0,25.0,29.0,33.0,40.0,-105.307779,46.7913
White Sulphur Springs HS,0759,302877000803,White Sulphur Springs,Meagher,WHITE SULPHUR SPRINGS K-12,570,Unified,-24.35897435897436,-3.278688524590164,-15.714285714285714,78.0,79.0,86.0,83.0,85.0,78.0,76.0,79.0,69.0,61.0,61.0,61.0,60.0,61.0,62.0,70.0,71.0,71.0,67.0,56.0,59.0,-110.903794,46.544451
East Helena High School,1861,300065501126,East Helena,Lewis and Clark,EAST HELENA K-12,1240,Unified,,,,,,,,,,,,,,,,,,,,123.0,260.0,428.0,580.0,582.0,-111.915944,46.603985
Augusta High School,0677,300245000025,Augusta,Lewis and Clark,AUGUSTA HIGH SCHOOL,503,Secondary,-23.684210526315788,11.538461538461538,-3.333333333333333,38.0,37.0,42.0,38.0,37.0,36.0,38.0,40.0,34.0,28.0,26.0,25.0,28.0,26.0,36.0,30.0,20.0,22.0,21.0,24.0,29.0,-112.398103,47.49152
Lockwood High School,1862,300065601125,Lockwood,Yellowstone,LOCKWOOD K-12,1241,Unified,,,,,,,,,,,,,,,,,,,,100.0,222.0,399.0,546.0,556.0,-108.433577,45.795679
Gallatin High School,1864,300459001128,Bozeman,Gallatin,BOZEMAN HIGH SCHOOL,351,Secondary,,,,,,,,,,,,,,,,,,,,,926.0,1274.0,1351.0,1479.0,-111.100814,45.691745
Power High School,1159,302154000644,Power,Teton,POWER HIGH SCHOOL,895,Secondary,-30.0,-38.59649122807017,-5.405405405405405,50.0,54.0,55.0,62.0,56.0,47.0,59.0,53.0,51.0,54.0,57.0,40.0,32.0,35.0,34.0,37.0,33.0,31.0,38.0,37.0,35.0,-111.688224,47.716497
Nashua High School,1219,301917000594,Nashua,Valley,NASHUA K-12 SCHOOLS,937,Unified,-38.0,-16.216216216216218,3.333333333333333,50.0,50.0,49.0,43.0,44.0,40.0,56.0,37.0,33.0,34.0,37.0,37.0,39.0,28.0,30.0,30.0,31.0,33.0,29.0,34.0,31.0,-106.354162,48.1357
Three Forks High School,0483,302619000741,Three Forks,Gallatin,THREE FORKS HIGH SCHOOL,361,Secondary,46.55172413793103,55.487804878048784,27.500000000000004,174.0,179.0,189.0,199.0,184.0,211.0,212.0,195.0,204.0,171.0,164.0,168.0,167.0,177.0,195.0,200.0,226.0,226.0,255.0,278.0,255.0,-111.548284,45.896298
Bridger High School,0086,300480000118,Bridger,Carbon,BRIDGER K-12 SCHOOLS,59,Unified,-15.384615384615383,-16.666666666666664,-3.508771929824561,65.0,72.0,64.0,65.0,64.0,59.0,57.0,55.0,62.0,69.0,66.0,61.0,59.0,58.0,60.0,57.0,58.0,52.0,52.0,56.0,55.0,-108.919602,45.297295
Fairview High School,0987,301029000284,Fairview,Richland,FAIRVIEW HIGH SCHOOL,751,Secondary,-0.9523809523809524,8.333333333333332,-11.11111111111111,105.0,101.0,99.0,123.0,109.0,101.0,107.0,104.0,103.0,96.0,96.0,101.0,107.0,114.0,119.0,117.0,124.0,117.0,120.0,116.0,104.0,-104.049037,47.849879
Colstrip High School,1040,300708000194,Colstrip,Rosebud,COLSTRIP HIGH SCHOOL,797,Secondary,-41.85185185185185,-20.707070707070702,-3.6809815950920246,270.0,246.0,252.0,231.0,243.0,241.0,212.0,215.0,201.0,211.0,198.0,202.0,204.0,192.0,183.0,163.0,166.0,152.0,147.0,151.0,157.0,-106.634258,45.914522
Wibaux High School,1239,302802000783,Wibaux,Wibaux,WIBAUX K-12 SCHOOLS,964,Unified,-40.32258064516129,-35.08771929824561,0.0,62.0,58.0,56.0,54.0,53.0,47.0,45.0,44.0,49.0,51.0,57.0,61.0,48.0,53.0,40.0,37.0,38.0,43.0,38.0,32.0,37.0,-104.19599,46.990463
Billings West High School,1251,300390000091,Billings,Yellowstone,BILLINGS HIGH SCHOOL,966,Secondary,4.491725768321513,17.36590546999469,17.5531914893617,2115.0,2133.0,2143.0,2078.0,2016.0,1996.0,1956.0,1906.0,1958.0,1973.0,1883.0,1864.0,1843.0,1813.0,1815.0,1880.0,1973.0,2098.0,2180.0,2269.0,2210.0,-108.571901,45.771833
Havre High School,1450,301359000411,Havre,Hill,HAVRE HIGH SCHOOL,428,Secondary,-24.707602339181285,-7.706093189964158,1.3779527559055118,684.0,672.0,705.0,672.0,609.0,605.0,569.0,561.0,570.0,555.0,558.0,538.0,583.0,550.0,539.0,508.0,504.0,534.0,520.0,531.0,515.0,-109.671729,48.534656
Big Sky High School,1592,301854000824,Missoula,Missoula,MISSOULA HIGH SCHOOL,584,Secondary,-10.698689956331878,15.754716981132075,9.946236559139784,1374.0,1438.0,1349.0,1292.0,1226.0,1093.0,1061.0,1038.0,1043.0,1010.0,1060.0,1060.0,1075.0,1138.0,1112.0,1116.0,1100.0,1137.0,1157.0,1186.0,1227.0,-114.05669,46.849789
Belt High School,0169,300345000048,Belt,Cascade,BELT HIGH SCHOOL,113,Secondary,-7.547169811320755,6.521739130434782,27.27272727272727,106.0,99.0,110.0,108.0,117.0,112.0,101.0,98.0,85.0,94.0,92.0,83.0,83.0,86.0,75.0,77.0,81.0,81.0,83.0,91.0,98.0,-110.928019,47.389489
Libby High School,0705,301653000518,Libby,Lincoln,LIBBY K-12 SCHOOLS,522,Unified,-40.94076655052265,-2.586206896551724,5.279503105590062,574.0,568.0,532.0,565.0,517.0,503.0,467.0,426.0,398.0,335.0,348.0,354.0,358.0,367.0,359.0,322.0,333.0,347.0,340.0,356.0,339.0,-115.571281,48.394275
Glacier High School,1835,301542000358,Kalispell,Flathead,FLATHEAD HIGH SCHOOL,311,Secondary,,16.666666666666664,10.141685309470544,,,,,907.0,1191.0,1252.0,1264.0,1268.0,1273.0,1266.0,1294.0,1343.0,1345.0,1367.0,1341.0,1328.0,1345.0,1430.0,1475.0,1477.0,-114.344624,48.238597
Anaconda Sr High School,0326,300203000015,Anaconda,Deer Lodge,ANACONDA HIGH SCHOOL,237,Secondary,-40.87301587301587,-5.095541401273886,-4.180064308681672,504.0,479.0,479.0,457.0,421.0,385.0,361.0,354.0,355.0,339.0,314.0,321.0,330.0,327.0,321.0,311.0,313.0,309.0,293.0,281.0,298.0,-112.953729,46.125778
Columbus High School,1112,300720000205,Columbus,Stillwater,COLUMBUS HIGH SCHOOL,849,Secondary,21.82741116751269,15.384615384615383,4.3478260869565215,197.0,195.0,220.0,233.0,229.0,221.0,219.0,202.0,216.0,217.0,208.0,194.0,208.0,198.0,218.0,230.0,213.0,214.0,234.0,244.0,240.0,-109.255376,45.643052
Noxon High School,1055,301950000600,Noxon,Sanders,NOXON HIGH SCHOOL,812,Secondary,-42.97520661157025,-16.867469879518072,-2.8169014084507045,121.0,105.0,106.0,87.0,65.0,83.0,81.0,77.0,67.0,72.0,83.0,78.0,74.0,72.0,65.0,71.0,67.0,55.0,68.0,67.0,69.0,-115.77664,47.993296
Lincoln Co High School,0711,301677000521,Eureka,Lincoln,LINCOLN COUNTY HIGH SCHOOL,528,Secondary,-22.391857506361323,6.2717770034843205,15.530303030303031,393.0,390.0,374.0,343.0,314.0,351.0,340.0,313.0,319.0,306.0,287.0,280.0,275.0,285.0,291.0,264.0,275.0,285.0,293.0,306.0,305.0,-115.051772,48.886512
Plenty Coups High School,1553,301336000398,Pryor,Big Horn,PLENTY COUPS HIGH SCHOOL,1214,Secondary,-20.3125,0.0,-15.0,64.0,79.0,65.0,77.0,65.0,55.0,38.0,46.0,41.0,49.0,51.0,43.0,42.0,45.0,61.0,60.0,57.0,70.0,75.0,58.0,51.0,-108.53604,45.4259
Box Elder High School,0571,300450000104,Box Elder,Hill,BOX ELDER HIGH SCHOOL,426,Secondary,-0.99009900990099,-0.99009900990099,-4.761904761904762,101.0,87.0,108.0,85.0,95.0,88.0,87.0,79.0,98.0,85.0,101.0,107.0,113.0,129.0,101.0,105.0,97.0,105.0,113.0,108.0,100.0,-110.009474,48.316626
Granite High School,0565,301284000349,Philipsburg,Granite,PHILIPSBURG K-12 SCHOOL,416,Unified,-23.61111111111111,-12.698412698412698,-6.779661016949152,72.0,70.0,71.0,65.0,63.0,55.0,45.0,55.0,63.0,70.0,63.0,61.0,58.0,47.0,44.0,59.0,60.0,54.0,68.0,62.0,55.0,-113.296372,46.328744
Dawson High School,0284,300834000240,Glendive,Dawson,DAWSON HIGH SCHOOL,207,Secondary,-22.75862068965517,2.752293577981652,-4.273504273504273,435.0,438.0,427.0,412.0,420.0,378.0,361.0,335.0,311.0,319.0,327.0,363.0,389.0,375.0,361.0,351.0,333.0,334.0,341.0,343.0,336.0,-104.706876,47.112444
Centerville High School,0161,302514000722,Stockett,Cascade,CENTERVILLE HIGH SCHOOL,105,Secondary,-17.391304347826086,-7.317073170731707,22.58064516129032,92.0,94.0,91.0,89.0,86.0,84.0,88.0,91.0,81.0,78.0,82.0,71.0,68.0,74.0,58.0,62.0,66.0,53.0,63.0,69.0,76.0,-111.141355,47.388726
Highwood High School,0205,301407000437,Highwood,Chouteau,HIGHWOOD K-12,146,Unified,-20.0,23.07692307692308,60.0,40.0,43.0,45.0,43.0,43.0,33.0,32.0,29.0,27.0,31.0,26.0,29.0,18.0,21.0,19.0,20.0,28.0,29.0,35.0,39.0,32.0,-110.796913,47.584175
Winifred High School,0392,302838000790,Winifred,Fergus,WINIFRED K-12 SCHOOLS,291,Unified,4.651162790697675,45.16129032258064,18.421052631578945,43.0,54.0,42.0,44.0,41.0,30.0,27.0,21.0,22.0,29.0,31.0,27.0,34.0,34.0,37.0,38.0,36.0,35.0,42.0,44.0,45.0,-109.381396,47.55876
Arlee High School,0629,300225000020,Arlee,Lake,ARLEE HIGH SCHOOL,475,Secondary,3.7037037037037033,23.89380530973452,12.903225806451612,135.0,137.0,128.0,115.0,127.0,130.0,126.0,130.0,132.0,129.0,113.0,110.0,120.0,132.0,122.0,124.0,110.0,115.0,140.0,145.0,140.0,-114.082573,47.164511
Hardin High School,0037,301334000397,Hardin,Big Horn,HARDIN HIGH SCHOOL,1189,Secondary,11.34020618556701,26.46370023419204,-1.098901098901099,485.0,521.0,485.0,506.0,481.0,479.0,464.0,453.0,452.0,448.0,427.0,443.0,462.0,486.0,508.0,546.0,509.0,512.0,529.0,512.0,540.0,-107.615355,45.735528
Broadview High School,1293,300492000122,Broadview,Yellowstone,BROADVIEW K-12,979,Unified,21.27659574468085,7.547169811320755,42.5,47.0,44.0,54.0,59.0,56.0,59.0,56.0,59.0,46.0,50.0,53.0,40.0,46.0,45.0,42.0,40.0,41.0,38.0,43.0,56.0,57.0,-108.877712,46.102675
Willow Creek High School,0477,302817000786,Willow Creek,Gallatin,WILLOW CREEK HIGH SCHOOL,355,Secondary,-65.0,-53.333333333333336,-22.22222222222222,20.0,28.0,26.0,23.0,18.0,15.0,14.0,14.0,16.0,17.0,15.0,9.0,10.0,4.0,8.0,9.0,11.0,8.0,11.0,9.0,7.0,-111.645484,45.824416
Park City High School,1110,302007000610,Park City,Stillwater,PARK CITY HIGH SCHOOL,847,Secondary,10.344827586206897,4.3478260869565215,-2.0408163265306123,87.0,94.0,96.0,93.0,100.0,92.0,85.0,82.0,95.0,97.0,92.0,94.0,94.0,99.0,95.0,98.0,98.0,102.0,102.0,102.0,96.0,-108.915921,45.630024
Roberts High School,0096,302271000665,Roberts,Carbon,ROBERTS K-12 SCHOOLS,69,Unified,-36.0655737704918,39.285714285714285,8.333333333333332,61.0,61.0,64.0,53.0,47.0,40.0,42.0,26.0,28.0,28.0,28.0,35.0,34.0,27.0,31.0,36.0,31.0,36.0,43.0,43.0,39.0,-109.165353,45.361257
Corvallis High School,0964,300741000215,Corvallis,Ravalli,CORVALLIS K-12 SCHOOLS,731,Unified,-6.694560669456067,2.528735632183908,-1.9780219780219777,478.0,458.0,475.0,496.0,479.0,472.0,474.0,456.0,467.0,442.0,435.0,425.0,405.0,448.0,493.0,455.0,481.0,479.0,476.0,480.0,446.0,-114.115438,46.316621
Lincoln High School,1610,301681000892,Lincoln,Lewis and Clark,LINCOLN K-12 SCHOOLS,1221,Unified,-47.72727272727273,-11.538461538461538,-2.127659574468085,88.0,82.0,79.0,71.0,68.0,64.0,66.0,64.0,60.0,56.0,52.0,46.0,42.0,38.0,40.0,47.0,36.0,33.0,46.0,42.0,46.0,-112.674042,46.95583
Whitewater High School,0879,302793000780,Whitewater,Phillips,WHITEWATER K-12 SCHOOLS,663,Unified,-70.58823529411765,-56.52173913043478,25.0,34.0,39.0,34.0,28.0,22.0,17.0,15.0,13.0,20.0,18.0,23.0,25.0,17.0,11.0,9.0,8.0,9.0,11.0,10.0,13.0,10.0,-107.629618,48.761651
Rapelje High School,1123,302190000650,Rapelje,Stillwater,RAPELJE HIGH SCHOOL,859,Secondary,-25.925925925925924,66.66666666666666,5.263157894736842,27.0,33.0,19.0,21.0,24.0,18.0,20.0,22.0,19.0,23.0,12.0,17.0,17.0,17.0,22.0,19.0,22.0,22.0,16.0,18.0,20.0,-109.260873,45.972781
Dutton/Brady High School,1157,300010200266,Dutton,Teton,DUTTON/BRADY K-12 SCHOOLS,1235,Unified,,-8.571428571428571,3.225806451612903,,,62.0,35.0,41.0,39.0,35.0,37.0,36.0,38.0,35.0,34.0,35.0,27.0,30.0,31.0,31.0,30.0,29.0,28.0,32.0,-111.714071,47.851213
Whitehall High School,0608,302784000778,Whitehall,Jefferson,WHITEHALL HIGH SCHOOL,454,Secondary,-25.12315270935961,16.923076923076923,16.923076923076923,203.0,223.0,216.0,205.0,209.0,194.0,191.0,153.0,147.0,137.0,130.0,137.0,127.0,122.0,136.0,130.0,132.0,146.0,130.0,144.0,152.0,-112.0979,45.874998
Glasgow High School,1204,301242000343,Glasgow,Valley,GLASGOW K-12 SCHOOLS,926,Unified,0.0,-10.236220472440944,-13.636363636363637,228.0,226.0,228.0,247.0,251.0,266.0,239.0,233.0,243.0,243.0,254.0,241.0,246.0,256.0,262.0,264.0,254.0,244.0,245.0,234.0,228.0,-106.613144,48.20372
Garfield Co Dist HS,0534,301188000323,Jordan,Garfield,GARFIELD COUNTY HIGH SCHOOL,378,Secondary,-17.391304347826086,-13.636363636363637,32.55813953488372,69.0,75.0,68.0,58.0,57.0,44.0,44.0,49.0,56.0,64.0,66.0,53.0,39.0,33.0,35.0,43.0,48.0,58.0,51.0,55.0,57.0,-106.907095,47.318507
Harlowton High School,1230,301347000402,Harlowton,Wheatland,HARLOWTON K-12,946,Unified,-38.59649122807017,-7.894736842105263,7.6923076923076925,114.0,115.0,113.0,103.0,88.0,83.0,70.0,73.0,70.0,74.0,76.0,74.0,71.0,64.0,70.0,65.0,60.0,61.0,61.0,69.0,70.0,-109.828665,46.436022
Big Sandy High School,0195,300375000054,Big Sandy,Chouteau,BIG SANDY K-12,138,Unified,-22.857142857142858,10.20408163265306,-6.896551724137931,70.0,66.0,70.0,70.0,62.0,50.0,54.0,49.0,52.0,52.0,49.0,49.0,43.0,49.0,60.0,58.0,65.0,59.0,54.0,63.0,54.0,-110.116626,48.179383
Fergus High School,0358,301053000287,Lewistown,Fergus,FERGUS HIGH SCHOOL,259,Secondary,-23.655913978494624,5.970149253731343,5.341246290801187,465.0,455.0,454.0,436.0,422.0,410.0,402.0,378.0,364.0,347.0,335.0,353.0,366.0,352.0,348.0,337.0,306.0,332.0,339.0,356.0,355.0,-109.423418,47.053445
Opheim High School,1215,301974000603,Opheim,Valley,OPHEIM K-12 SCHOOLS,935,Unified,-65.21739130434783,-20.0,-33.33333333333333,23.0,18.0,24.0,21.0,16.0,23.0,16.0,18.0,16.0,10.0,10.0,11.0,12.0,15.0,9.0,12.0,10.0,11.0,12.0,5.0,8.0,-106.411414,48.858269
Red Lodge High School,0084,302211000655,Red Lodge,Carbon,RED LODGE HIGH SCHOOL,57,Secondary,8.641975308641975,1.7341040462427744,-3.296703296703297,162.0,169.0,171.0,200.0,187.0,179.0,172.0,164.0,173.0,181.0,173.0,165.0,157.0,160.0,161.0,182.0,191.0,185.0,180.0,176.0,176.0,-109.240746,45.195403
Ryegate High School,0551,302334000681,Ryegate,Golden Valley,RYEGATE K-12 SCHOOLS,407,Unified,-58.620689655172406,71.42857142857143,33.33333333333333,29.0,26.0,30.0,30.0,27.0,23.0,18.0,15.0,24.0,18.0,7.0,9.0,12.0,15.0,14.0,9.0,7.0,13.0,14.0,10.0,12.0,-109.258685,46.298832
Charlo High School,0636,300611500177,Charlo,Lake,CHARLO HIGH SCHOOL,1206,Secondary,-15.463917525773196,-13.684210526315791,-7.865168539325842,97.0,112.0,125.0,120.0,121.0,127.0,100.0,102.0,83.0,85.0,95.0,94.0,90.0,84.0,94.0,89.0,86.0,85.0,80.0,83.0,82.0,-114.174729,47.440418
Winnett High School,0853,302847000792,Winnett,Petroleum,WINNETT K-12 SCHOOLS,642,Unified,-68.57142857142857,-70.27027027027027,-54.16666666666666,35.0,30.0,31.0,32.0,33.0,37.0,38.0,34.0,36.0,32.0,37.0,36.0,37.0,36.0,31.0,24.0,19.0,19.0,19.0,14.0,11.0,-108.352565,47.00181
Geraldine High School,0214,301221000333,Geraldine,Chouteau,GERALDINE K-12,154,Unified,-58.97435897435898,-51.51515151515152,-42.85714285714285,39.0,37.0,37.0,33.0,42.0,39.0,38.0,35.0,26.0,29.0,33.0,32.0,32.0,32.0,24.0,28.0,18.0,15.0,14.0,11.0,16.0,-110.269861,47.603107
Browning High School,0543,300519000136,Browning,Glacier,BROWNING HIGH SCHOOL,401,Secondary,5.163511187607573,12.52302025782689,-0.6504065040650406,581.0,602.0,636.0,604.0,603.0,571.0,553.0,518.0,504.0,506.0,543.0,511.0,550.0,583.0,576.0,615.0,595.0,611.0,553.0,563.0,611.0,-113.039868,48.5521
Billings Sr High School,1250,300390000090,Billings,Yellowstone,BILLINGS HIGH SCHOOL,966,Secondary,-8.61974904528096,-2.954808806488992,-14.102564102564102,1833.0,1878.0,1786.0,1900.0,1934.0,1833.0,1742.0,1704.0,1664.0,1685.0,1726.0,1717.0,1842.0,1876.0,1924.0,1950.0,1855.0,1806.0,1823.0,1739.0,1675.0,-108.526792,45.784479
North Star High School,0591,300009700679,Rudyard,Hill,NORTH STAR HIGH SCHOOL,1234,Secondary,,0.0,14.000000000000002,,,83.0,76.0,67.0,55.0,48.0,50.0,48.0,61.0,57.0,53.0,60.0,61.0,51.0,50.0,53.0,49.0,48.0,53.0,57.0,-110.552833,48.562517
Joliet High School,0088,301526000464,Joliet,Carbon,JOLIET HIGH SCHOOL,61,Secondary,16.666666666666664,12.903225806451612,25.0,120.0,129.0,116.0,119.0,134.0,128.0,136.0,136.0,136.0,133.0,124.0,122.0,125.0,118.0,114.0,112.0,106.0,121.0,129.0,139.0,140.0,-108.973861,45.487341
Sentinel High School,1433,301854000564,Missoula,Missoula,MISSOULA HIGH SCHOOL,584,Secondary,19.27710843373494,19.37984496124032,9.305993690851736,1162.0,1105.0,1105.0,1184.0,1207.0,1248.0,1199.0,1221.0,1207.0,1166.0,1161.0,1169.0,1205.0,1219.0,1243.0,1268.0,1250.0,1278.0,1318.0,1378.0,1386.0,-114.009452,46.847361
Savage High School,0983,302355000686,Savage,Richland,SAVAGE HIGH SCHOOL,748,Secondary,-42.62295081967213,6.0606060606060606,34.61538461538461,61.0,50.0,49.0,46.0,41.0,46.0,32.0,29.0,31.0,33.0,33.0,35.0,36.0,32.0,30.0,26.0,22.0,25.0,27.0,29.0,35.0,-104.342165,47.450571
Culbertson High School,1018,300786000225,Culbertson,Roosevelt,CULBERTSON HIGH SCHOOL,778,Secondary,33.82352941176471,8.333333333333332,12.34567901234568,68.0,67.0,90.0,96.0,98.0,100.0,88.0,91.0,80.0,81.0,84.0,74.0,65.0,67.0,74.0,81.0,84.0,81.0,78.0,94.0,91.0,-104.520511,48.148076
Wolf Point High School,1023,302862000799,Wolf Point,Roosevelt,WOLF POINT HIGH SCHOOL,781,Secondary,-29.09698996655518,-3.636363636363636,-8.225108225108226,299.0,277.0,250.0,261.0,280.0,254.0,253.0,231.0,237.0,204.0,220.0,232.0,217.0,224.0,216.0,231.0,222.0,245.0,239.0,225.0,212.0,-105.648347,48.089448
Ronan High School,0640,302280000670,Ronan,Lake,RONAN HIGH SCHOOL,1200,Secondary,-0.5333333333333333,6.571428571428571,8.746355685131196,375.0,370.0,378.0,386.0,351.0,321.0,332.0,316.0,324.0,321.0,350.0,337.0,341.0,341.0,345.0,343.0,335.0,367.0,371.0,416.0,373.0,-114.100757,47.531402
Alberton High School,0766,300186000004,Alberton,Mineral,ALBERTON K-12 SCHOOLS,577,Unified,-54.43037974683544,-21.73913043478261,-16.27906976744186,79.0,89.0,79.0,83.0,82.0,74.0,54.0,51.0,49.0,45.0,46.0,46.0,32.0,40.0,39.0,43.0,40.0,37.0,41.0,43.0,36.0,-114.480877,47.004451
Chinook High School,0047,300627000182,Chinook,Blaine,CHINOOK HIGH SCHOOL,29,Secondary,-21.333333333333336,-16.901408450704224,6.306306306306306,150.0,116.0,127.0,120.0,121.0,120.0,113.0,114.0,123.0,130.0,142.0,133.0,117.0,115.0,106.0,111.0,108.0,109.0,114.0,114.0,118.0,-109.229059,48.590067
Valier High School,0899,302709000759,Valier,Pondera,VALIER HIGH SCHOOL,680,Secondary,-49.333333333333336,-20.833333333333336,-20.833333333333336,75.0,67.0,79.0,83.0,68.0,58.0,57.0,58.0,58.0,58.0,48.0,59.0,58.0,48.0,55.0,48.0,46.0,45.0,42.0,46.0,38.0,-112.255038,48.304698
Sweet Grass Co High Schl,1130,302556000732,Big Timber,Sweet Grass,SWEET GRASS HIGH SCHOOL,882,Secondary,-26.570048309178745,-12.643678160919542,-6.172839506172839,207.0,207.0,209.0,203.0,205.0,207.0,195.0,185.0,175.0,179.0,174.0,175.0,164.0,165.0,163.0,162.0,170.0,166.0,164.0,161.0,152.0,-109.955988,45.827813
Custer High School,1289,300813000232,Custer,Yellowstone,CUSTER K-12 SCHOOLS,975,Unified,0.0,11.11111111111111,50.0,30.0,32.0,24.0,31.0,37.0,39.0,34.0,31.0,29.0,26.0,27.0,27.0,26.0,20.0,19.0,20.0,23.0,38.0,43.0,36.0,30.0,-107.556535,46.126768
Malta High School,0875,301758000546,Malta,Phillips,MALTA K-12 SCHOOLS,659,Unified,-36.12565445026178,-24.22360248447205,-14.685314685314683,191.0,195.0,206.0,198.0,201.0,210.0,192.0,190.0,178.0,162.0,161.0,150.0,147.0,146.0,137.0,143.0,138.0,124.0,147.0,143.0,122.0,-107.879359,48.352912
Hinsdale High School,1213,301437000444,Hinsdale,Valley,HINSDALE HIGH SCHOOL,933,Secondary,-53.65853658536586,-26.923076923076923,-13.636363636363637,41.0,35.0,32.0,34.0,31.0,32.0,32.0,29.0,30.0,23.0,26.0,22.0,20.0,19.0,23.0,22.0,26.0,24.0,24.0,26.0,19.0,-107.084488,48.394735
Columbia Falls High Schl,0425,300714000203,Columbia Falls,Flathead,COLUMBIA FALLS HIGH SCHOOL,313,Secondary,-18.579881656804734,-0.4341534008683068,4.084720121028744,845.0,863.0,862.0,878.0,877.0,830.0,781.0,727.0,719.0,690.0,691.0,688.0,638.0,643.0,621.0,661.0,658.0,645.0,671.0,687.0,688.0,-114.191314,48.366603
Seeley-Swan High School,1434,301854000563,Seeley Lake,Missoula,MISSOULA HIGH SCHOOL,584,Secondary,-41.95402298850575,-9.00900900900901,14.772727272727272,174.0,181.0,158.0,135.0,137.0,109.0,104.0,103.0,110.0,116.0,111.0,102.0,107.0,102.0,99.0,88.0,93.0,92.0,96.0,98.0,101.0,-113.467344,47.174394
Shields Valley High Schl,1666,300093301026,Clyde Park,Park,SHIELDS VALLEY HIGH SCHOOL,1228,Secondary,-29.761904761904763,-18.05555555555556,-3.278688524590164,84.0,91.0,92.0,99.0,87.0,77.0,71.0,75.0,77.0,77.0,72.0,78.0,68.0,66.0,59.0,61.0,58.0,53.0,53.0,50.0,59.0,-110.597872,45.887451
Dodson High School,0863,300912000261,Dodson,Phillips,DODSON K-12 SCHOOLS,648,Unified,-21.951219512195124,88.23529411764706,33.33333333333333,41.0,24.0,20.0,23.0,24.0,21.0,18.0,24.0,20.0,16.0,17.0,27.0,25.0,27.0,27.0,24.0,34.0,35.0,34.0,31.0,32.0,-108.249404,48.396276
Park High School,0823,302010000611,Livingston,Park,PARK HIGH SCHOOL,613,Secondary,-23.56020942408377,-8.368200836820083,-0.2277904328018223,573.0,570.0,564.0,539.0,528.0,529.0,534.0,549.0,513.0,494.0,478.0,498.0,500.0,462.0,447.0,439.0,418.0,413.0,422.0,418.0,438.0,-110.554928,45.65688
Victor High School,0972,302727000763,Victor,Ravalli,VICTOR K-12 SCHOOLS,738,Unified,-27.927927927927925,-31.62393162393162,-22.330097087378643,111.0,125.0,118.0,129.0,113.0,91.0,114.0,104.0,109.0,97.0,117.0,109.0,108.0,121.0,108.0,103.0,102.0,85.0,74.0,75.0,80.0,-114.150934,46.414922
Cut Bank High School,0547,300819000236,Cut Bank,Glacier,CUT BANK HIGH SCHOOL,403,Secondary,-34.868421052631575,2.5906735751295336,18.562874251497004,304.0,308.0,280.0,262.0,247.0,215.0,215.0,209.0,206.0,195.0,193.0,182.0,172.0,157.0,150.0,167.0,210.0,218.0,240.0,227.0,198.0,-112.330919,48.632219
Froid High School,1030,301158000315,Froid,Roosevelt,FROID HIGH SCHOOL,787,Secondary,40.74074074074074,15.151515151515152,90.0,27.0,19.0,14.0,15.0,23.0,27.0,25.0,25.0,24.0,26.0,33.0,31.0,30.0,26.0,24.0,20.0,22.0,27.0,35.0,38.0,38.0,-104.488288,48.335856
Hysham High School,1194,301476000454,Hysham,Treasure,HYSHAM K-12 SCHOOLS,923,Unified,-69.56521739130434,-57.57575757575758,7.6923076923076925,46.0,39.0,36.0,40.0,42.0,42.0,41.0,36.0,29.0,33.0,33.0,18.0,22.0,18.0,11.0,13.0,13.0,7.0,13.0,13.0,14.0,-107.231688,46.292623
West Yellowstone HS,0496,302763000769,West Yellowstone,Gallatin,WEST YELLOWSTONE K-12 SCHOOLS,374,Unified,-2.7777777777777777,29.629629629629623,-11.39240506329114,72.0,67.0,61.0,68.0,65.0,62.0,66.0,57.0,53.0,52.0,54.0,52.0,51.0,57.0,67.0,79.0,87.0,89.0,86.0,81.0,70.0,-111.108382,44.666034
Darby High School,0974,300828000238,Darby,Ravalli,DARBY K-12 SCHOOLS,740,Unified,-38.79781420765027,36.58536585365854,0.0,183.0,206.0,161.0,155.0,168.0,144.0,132.0,111.0,87.0,88.0,82.0,99.0,104.0,115.0,104.0,112.0,123.0,109.0,112.0,107.0,112.0,-114.180711,46.02715
Gardiner High School,0824,301185000322,Gardiner,Park,GARDINER HIGH SCHOOL,1191,Secondary,-48.38709677419355,-43.52941176470589,-23.809523809523807,93.0,90.0,80.0,85.0,99.0,92.0,95.0,91.0,81.0,84.0,85.0,78.0,83.0,83.0,66.0,63.0,58.0,48.0,48.0,56.0,48.0,-110.711291,45.031901
Richey High School,0311,302241000660,Richey,Dawson,RICHEY HIGH SCHOOL,228,Secondary,-38.46153846153847,9.090909090909092,-14.285714285714285,39.0,33.0,28.0,23.0,24.0,27.0,25.0,30.0,29.0,22.0,22.0,21.0,22.0,26.0,31.0,28.0,26.0,26.0,26.0,29.0,24.0,-105.067684,47.642572
Butte High School,1103,300531000156,Butte,Silver Bow,BUTTE HIGH SCHOOL,1212,Secondary,-18.146718146718147,-1.851851851851852,5.298013245033113,1554.0,1554.0,1521.0,1533.0,1543.0,1493.0,1438.0,1361.0,1300.0,1288.0,1296.0,1260.0,1199.0,1199.0,1206.0,1208.0,1216.0,1280.0,1295.0,1317.0,1272.0,-112.533551,46.00861
Troy High School,0697,302658000749,Troy,Lincoln,TROY HIGH SCHOOL,520,Secondary,-30.65326633165829,5.343511450381679,8.661417322834646,199.0,178.0,187.0,169.0,169.0,163.0,164.0,158.0,146.0,136.0,131.0,139.0,127.0,117.0,120.0,127.0,141.0,135.0,127.0,128.0,138.0,-115.89726,48.463833
Lame Deer High School,1816,300009500137,Lame Deer,Rosebud,LAME DEER HIGH SCHOOL,1230,Secondary,2.083333333333333,84.90566037735849,31.543624161073826,192.0,146.0,157.0,175.0,177.0,153.0,141.0,125.0,120.0,122.0,106.0,95.0,136.0,133.0,152.0,149.0,132.0,172.0,182.0,169.0,196.0,-106.655883,45.590135
Cascade High School,0157,300591000170,Cascade,Cascade,CASCADE HIGH SCHOOL,102,Secondary,-25.67567567567568,15.789473684210526,35.80246913580247,148.0,146.0,143.0,146.0,154.0,147.0,151.0,130.0,116.0,102.0,95.0,100.0,97.0,106.0,89.0,81.0,92.0,91.0,84.0,101.0,110.0,-111.705398,47.271677
Drummond High School,0564,300921000263,Drummond,Granite,DRUMMOND HIGH SCHOOL,420,Secondary,-29.0,1.4285714285714286,5.970149253731343,100.0,98.0,100.0,96.0,87.0,90.0,87.0,79.0,70.0,64.0,70.0,72.0,84.0,72.0,73.0,67.0,57.0,61.0,61.0,63.0,71.0,-113.148248,46.670533
Lima High School,0010,301671000520,Lima,Beaverhead,LIMA K-12 SCHOOLS,9,Unified,-48.57142857142857,-30.76923076923077,-10.0,35.0,41.0,35.0,36.0,25.0,25.0,26.0,29.0,29.0,24.0,26.0,26.0,17.0,21.0,20.0,20.0,21.0,22.0,18.0,25.0,18.0,-112.592964,44.635063
Lone Peak High School,1837,300065401099,Big Sky,Gallatin,BIG SKY K-12 SCHOOLS,1239,Unified,,88.33333333333333,16.49484536082474,,,,,,,23.0,21.0,50.0,47.0,60.0,77.0,70.0,87.0,101.0,97.0,107.0,111.0,109.0,118.0,113.0,-111.251975,45.228971
Plevna High School,0352,302100000628,Plevna,Fallon,PLEVNA K-12 SCHOOLS,256,Unified,-18.75,100.0,36.84210526315789,32.0,37.0,29.0,29.0,27.0,28.0,26.0,24.0,19.0,20.0,13.0,14.0,16.0,7.0,9.0,19.0,20.0,26.0,30.0,25.0,26.0,-104.517968,46.418843
Lodge Grass High School,0040,301704000534,Lodge Grass,Big Horn,LODGE GRASS HIGH SCHOOL,1190,Secondary,-1.6853932584269662,66.66666666666666,6.0606060606060606,178.0,160.0,162.0,154.0,132.0,121.0,117.0,111.0,104.0,109.0,105.0,109.0,129.0,120.0,133.0,165.0,194.0,187.0,178.0,172.0,175.0,-107.37002,45.317216
Chester-Joplin-Inverness HS,0687,300010100179,Chester,Liberty,CHESTER-JOPLIN-INVERNESS HIGH SCHOOL,1237,Secondary,,-12.676056338028168,6.896551724137931,,,90.0,81.0,77.0,81.0,71.0,84.0,79.0,73.0,71.0,55.0,67.0,54.0,51.0,58.0,48.0,52.0,60.0,65.0,62.0,-110.964293,48.508667
Powell County High School,0953,302145000641,Deer Lodge,Powell,POWELL COUNTY HIGH SCHOOL,713,Secondary,-40.96774193548387,-19.02654867256637,-3.684210526315789,310.0,307.0,301.0,295.0,311.0,285.0,280.0,263.0,254.0,235.0,226.0,224.0,194.0,200.0,193.0,190.0,187.0,156.0,175.0,186.0,183.0,-112.727701,46.399171
Ennis High School,0731,300993000277,Ennis,Madison,ENNIS K-12 SCHOOLS,546,Unified,-7.6923076923076925,11.11111111111111,1.694915254237288,130.0,134.0,121.0,114.0,112.0,105.0,90.0,100.0,101.0,96.0,108.0,96.0,110.0,117.0,110.0,118.0,115.0,127.0,124.0,121.0,120.0,-111.733165,45.346835
Moore High School,0373,301890000589,Moore,Fergus,MOORE HIGH SCHOOL,274,Secondary,-33.33333333333333,-52.63157894736842,-25.0,27.0,35.0,35.0,33.0,42.0,38.0,41.0,47.0,40.0,36.0,38.0,39.0,36.0,32.0,31.0,24.0,26.0,26.0,16.0,16.0,18.0,-109.692965,46.971634
Stevensville High School,0966,302505000720,Stevensville,Ravalli,STEVENSVILLE HIGH SCHOOL,733,Secondary,-18.80530973451328,-4.675324675324675,-5.167958656330749,452.0,452.0,450.0,468.0,399.0,412.0,366.0,367.0,351.0,362.0,385.0,386.0,369.0,356.0,389.0,387.0,402.0,374.0,383.0,349.0,367.0,-114.084617,46.506838
Fairfield High School,1155,301017000281,Fairfield,Teton,FAIRFIELD HIGH SCHOOL,891,Secondary,-20.54794520547945,-0.8547008547008548,3.571428571428571,146.0,174.0,166.0,152.0,151.0,128.0,120.0,128.0,115.0,109.0,117.0,108.0,110.0,109.0,104.0,112.0,121.0,123.0,121.0,116.0,116.0,-111.975808,47.615718
Circle High School,0733,300681000187,Circle,McCone,CIRCLE HIGH SCHOOL,548,Secondary,-28.08988764044944,-24.705882352941178,4.918032786885246,89.0,76.0,92.0,80.0,84.0,96.0,93.0,94.0,88.0,74.0,85.0,80.0,73.0,71.0,66.0,61.0,63.0,61.0,64.0,65.0,64.0,-105.592126,47.416451
Hot Springs High School,1058,301464000449,Hot Springs,Sanders,HOT SPRINGS K-12,815,Unified,-31.08108108108108,-21.53846153846154,-22.727272727272727,74.0,64.0,69.0,72.0,60.0,62.0,64.0,59.0,60.0,59.0,65.0,67.0,66.0,79.0,74.0,66.0,60.0,62.0,55.0,46.0,51.0,-114.665003,47.608583
Shelby High School,1178,302391000694,Shelby,Toole,SHELBY HIGH SCHOOL,911,Secondary,-33.84615384615385,-3.007518796992481,12.173913043478262,195.0,193.0,180.0,190.0,183.0,187.0,187.0,153.0,158.0,145.0,133.0,149.0,123.0,118.0,119.0,115.0,125.0,104.0,112.0,120.0,129.0,-111.863586,48.515089
Hays-Lodge Pole High Sch,1551,301366000413,Hays,Blaine,HAYS-LODGE POLE K-12 SCHOOLS,1213,Unified,-6.0,84.31372549019608,16.049382716049383,100.0,97.0,110.0,106.0,99.0,89.0,80.0,67.0,60.0,71.0,51.0,67.0,74.0,82.0,78.0,81.0,83.0,90.0,84.0,84.0,94.0,-108.688435,47.99763
Carter County High School,0133,300561000162,Ekalaka,Carter,CARTER COUNTY HIGH SCHOOL,97,Secondary,-43.07692307692308,8.823529411764707,0.0,65.0,63.0,63.0,62.0,55.0,42.0,45.0,39.0,36.0,37.0,34.0,43.0,34.0,35.0,34.0,37.0,42.0,44.0,39.0,43.0,37.0,-104.551833,45.890701
Frazer High School,1208,301146000311,Frazer,Valley,FRAZER HIGH SCHOOL,928,Secondary,-42.0,-17.142857142857142,20.833333333333336,50.0,53.0,38.0,43.0,39.0,43.0,39.0,30.0,33.0,35.0,35.0,39.0,41.0,46.0,38.0,24.0,29.0,35.0,32.0,31.0,29.0,-106.046746,48.058209
Bainville High School,1028,300264000030,Bainville,Roosevelt,BAINVILLE K-12 SCHOOLS,785,Unified,35.13513513513514,13.636363636363637,11.11111111111111,37.0,29.0,24.0,22.0,30.0,31.0,31.0,36.0,36.0,37.0,44.0,45.0,44.0,48.0,43.0,45.0,45.0,48.0,47.0,47.0,50.0,-104.225776,48.13891
Sunburst High School,1168,302532000726,Sunburst,Toole,SUNBURST K-12 SCHOOLS,903,Unified,-43.02325581395349,-30.0,-18.33333333333333,86.0,89.0,76.0,71.0,59.0,66.0,58.0,66.0,69.0,72.0,70.0,54.0,58.0,48.0,54.0,60.0,41.0,46.0,39.0,40.0,49.0,-111.914949,48.880014
Sheridan High School,0722,302418000698,Sheridan,Madison,SHERIDAN HIGH SCHOOL,538,Secondary,-24.0,-1.7241379310344829,-5.0,75.0,79.0,76.0,81.0,91.0,79.0,74.0,76.0,64.0,75.0,58.0,56.0,49.0,49.0,55.0,60.0,63.0,68.0,69.0,60.0,57.0,-112.192294,45.455438
Shepherd High School,1301,302397000696,Shepherd,Yellowstone,SHEPHERD HIGH SCHOOL,986,Secondary,-11.272727272727272,-3.937007874015748,-5.791505791505792,275.0,279.0,281.0,277.0,257.0,279.0,279.0,270.0,258.0,246.0,254.0,280.0,254.0,250.0,258.0,259.0,259.0,249.0,265.0,253.0,244.0,-108.34375,45.941429
Florence-Carlton HS,0977,301110000301,Florence,Ravalli,FLORENCE-CARLTON K-12 SCHOOLS,743,Unified,-21.9435736677116,-1.5810276679841897,3.319502074688797,319.0,287.0,276.0,275.0,289.0,269.0,277.0,261.0,252.0,266.0,253.0,269.0,279.0,255.0,252.0,241.0,245.0,260.0,270.0,258.0,249.0,-114.076542,46.640665
Plentywood High School,1071,302096000626,Plentywood,Sheridan,PLENTYWOOD K-12 SCHOOLS,828,Unified,-31.543624161073826,-15.0,6.25,149.0,147.0,137.0,150.0,124.0,121.0,123.0,126.0,122.0,119.0,120.0,106.0,112.0,102.0,86.0,96.0,102.0,108.0,115.0,114.0,102.0,-104.554888,48.778146
Turner High School,0070,302667000751,Turner,Blaine,TURNER HIGH SCHOOL,45,Secondary,-28.125,53.333333333333336,4.545454545454546,32.0,32.0,34.0,35.0,39.0,33.0,28.0,20.0,14.0,14.0,15.0,15.0,23.0,16.0,20.0,22.0,16.0,18.0,18.0,16.0,23.0,-108.403384,48.84722
Skyview High School,1628,300390000871,Billings,Yellowstone,BILLINGS HIGH SCHOOL,966,Secondary,-3.4482758620689653,3.973941368078176,-4.7164179104477615,1653.0,1588.0,1612.0,1635.0,1507.0,1450.0,1481.0,1522.0,1543.0,1562.0,1535.0,1489.0,1489.0,1582.0,1611.0,1675.0,1645.0,1646.0,1657.0,1602.0,1596.0,-108.515287,45.831989
Jefferson High School,0611,301512000461,Boulder,Jefferson,JEFFERSON HIGH SCHOOL,457,Secondary,10.408921933085502,33.18385650224215,9.59409594095941,269.0,264.0,258.0,258.0,241.0,223.0,203.0,216.0,215.0,224.0,223.0,204.0,210.0,233.0,261.0,271.0,289.0,290.0,291.0,284.0,297.0,-112.119536,46.23377
Grass Range High School,0368,301299000352,Grass Range,Fergus,GRASS RANGE HIGH SCHOOL,269,Secondary,-44.0,12.0,47.368421052631575,50.0,41.0,37.0,31.0,30.0,25.0,20.0,19.0,29.0,26.0,25.0,23.0,17.0,20.0,18.0,19.0,14.0,16.0,18.0,18.0,28.0,-108.800191,47.023876
Scobey High School,0268,302367000688,Scobey,Daniels,SCOBEY K-12 SCHOOLS,194,Unified,-23.76237623762376,-11.494252873563218,-8.333333333333332,101.0,85.0,71.0,74.0,75.0,71.0,83.0,79.0,75.0,74.0,87.0,84.0,84.0,86.0,85.0,84.0,85.0,86.0,83.0,82.0,77.0,-105.416478,48.791541
C M Russell High School,1464,301305000379,Great Falls,Cascade,GREAT FALLS HIGH SCHOOL,99,Secondary,-16.359447004608295,-4.158415841584159,4.837545126353791,1736.0,1664.0,1681.0,1725.0,1677.0,1618.0,1496.0,1528.0,1512.0,1490.0,1515.0,1498.0,1483.0,1484.0,1411.0,1385.0,1413.0,1426.0,1490.0,1454.0,1452.0,-111.319039,47.520123
Choteau High School,1148,300633000184,Choteau,Teton,CHOTEAU HIGH SCHOOL,884,Secondary,-30.81761006289308,-20.28985507246377,-10.569105691056912,159.0,153.0,141.0,139.0,127.0,129.0,151.0,155.0,160.0,155.0,138.0,112.0,112.0,124.0,123.0,123.0,113.0,108.0,107.0,103.0,110.0,-112.189741,47.811064
Lavina High School,0556,301629000503,Lavina,Golden Valley,LAVINA K-12 SCHOOLS,411,Unified,-29.629629629629623,-24.0,-5.0,27.0,39.0,35.0,30.0,33.0,32.0,25.0,30.0,26.0,27.0,25.0,25.0,27.0,28.0,25.0,20.0,16.0,18.0,23.0,18.0,19.0,-108.935658,46.292866
Conrad High School,0893,300732000210,Conrad,Pondera,CONRAD  HIGH SCHOOL,675,Secondary,-37.117903930131,-16.27906976744186,14.285714285714285,229.0,233.0,217.0,204.0,213.0,189.0,200.0,210.0,187.0,181.0,172.0,176.0,165.0,147.0,143.0,126.0,124.0,143.0,138.0,153.0,144.0,-111.953862,48.172222
Rocky Boy High School,1807,302891101086,Box Elder,Hill,ROCKY BOY HIGH SCHOOL,1229,Secondary,10.606060606060606,6.569343065693431,23.728813559322035,132.0,146.0,128.0,153.0,148.0,156.0,157.0,153.0,147.0,150.0,137.0,138.0,132.0,122.0,134.0,118.0,140.0,147.0,140.0,148.0,146.0,-109.782557,48.257523
Flathead High School,0462,301542000470,Kalispell,Flathead,FLATHEAD HIGH SCHOOL,311,Secondary,-11.086837793555434,7.387862796833773,5.645684620376379,1831.0,1846.0,1867.0,1869.0,1648.0,1414.0,1407.0,1439.0,1485.0,1519.0,1516.0,1512.0,1474.0,1492.0,1529.0,1541.0,1516.0,1607.0,1607.0,1626.0,1628.0,-114.317417,48.1913
Absarokee High School,1126,300174000002,Absarokee,Stillwater,ABSAROKEE HIGH SCHOOL,862,Secondary,-32.47863247863248,1.282051282051282,-8.13953488372093,117.0,95.0,103.0,109.0,109.0,108.0,102.0,103.0,96.0,87.0,78.0,81.0,87.0,85.0,92.0,86.0,80.0,74.0,58.0,71.0,79.0,-109.447213,45.513839
Whitefish High School,0448,302779000775,Whitefish,Flathead,WHITEFISH HIGH SCHOOL,335,Secondary,-6.528189910979229,26.76056338028169,20.229007633587788,674.0,743.0,725.0,704.0,641.0,551.0,510.0,492.0,500.0,478.0,497.0,497.0,480.0,482.0,484.0,524.0,579.0,588.0,576.0,581.0,630.0,-114.326016,48.407568
St Regis High School,0771,302493000715,St Regis,Mineral,ST REGIS K-12 SCHOOLS,582,Unified,-8.571428571428571,48.837209302325576,42.22222222222222,70.0,73.0,56.0,61.0,58.0,50.0,39.0,41.0,44.0,41.0,43.0,47.0,45.0,43.0,39.0,45.0,33.0,39.0,56.0,55.0,64.0,-115.100949,47.300041
Fort Benton High School,0192,301126000307,Fort Benton,Chouteau,FORT BENTON HIGH SCHOOL,134,Secondary,-18.97810218978102,38.75,11.0,137.0,137.0,127.0,115.0,114.0,109.0,102.0,89.0,88.0,73.0,80.0,71.0,70.0,79.0,94.0,100.0,94.0,93.0,92.0,107.0,111.0,-110.667117,47.82294
Twin Bridges High School,0724,302673000753,Twin Bridges,Madison,TWIN BRIDGES K-12 SCHOOLS,540,Unified,-7.936507936507936,-40.81632653061224,-21.62162162162162,63.0,74.0,83.0,100.0,108.0,104.0,100.0,98.0,104.0,93.0,98.0,100.0,93.0,88.0,83.0,74.0,67.0,70.0,57.0,63.0,58.0,-112.333245,45.546158
Bozeman High School,0473,300459000113,Bozeman,Gallatin,BOZEMAN HIGH SCHOOL,351,Secondary,-31.324647122692724,-35.161455663762176,-42.6043557168784,1842.0,1957.0,1992.0,1936.0,1907.0,1852.0,1820.0,1805.0,1825.0,1890.0,1951.0,1963.0,1989.0,2106.0,2157.0,2204.0,2243.0,1463.0,1228.0,1280.0,1265.0,-111.053437,45.68028
Hellgate High School,1432,301854000562,Missoula,Missoula,MISSOULA HIGH SCHOOL,584,Secondary,4.625199362041467,5.212510024057739,6.580016246953696,1254.0,1253.0,1272.0,1283.0,1291.0,1226.0,1251.0,1272.0,1283.0,1250.0,1247.0,1205.0,1232.0,1203.0,1183.0,1231.0,1177.0,1210.0,1263.0,1304.0,1312.0,-113.996847,46.862544
Polson High School,0633,302109000633,Polson,Lake,POLSON HIGH SCHOOL,478,Secondary,3.9923954372623576,7.465618860510806,13.016528925619836,526.0,552.0,553.0,543.0,540.0,499.0,490.0,517.0,521.0,504.0,509.0,482.0,477.0,475.0,471.0,484.0,481.0,507.0,511.0,524.0,547.0,-114.168386,47.678592
Hobson High School,0623,301443000446,Hobson,Judith Basin,HOBSON K-12 SCHOOLS,469,Unified,-7.142857142857142,44.44444444444444,-7.142857142857142,42.0,36.0,51.0,51.0,44.0,44.0,42.0,40.0,36.0,33.0,27.0,29.0,35.0,27.0,36.0,42.0,38.0,40.0,38.0,41.0,39.0,-109.873926,46.998288
Harlem High School,0049,301340000400,Harlem,Blaine,HARLEM HIGH SCHOOL,31,Secondary,-11.29032258064516,5.095541401273886,3.125,186.0,193.0,195.0,180.0,169.0,152.0,143.0,152.0,150.0,137.0,157.0,158.0,138.0,144.0,137.0,160.0,166.0,171.0,175.0,163.0,165.0,-108.7767,48.529712
Melstone High School,0813,301827000555,Melstone,Musselshell,MELSTONE HIGH SCHOOL,608,Secondary,45.45454545454545,68.42105263157895,10.344827586206897,22.0,18.0,21.0,20.0,21.0,29.0,27.0,31.0,27.0,28.0,19.0,27.0,26.0,29.0,33.0,29.0,27.0,25.0,31.0,33.0,32.0,-107.867475,46.600998
Forsyth High School,1034,301119000304,Forsyth,Rosebud,FORSYTH HIGH SCHOOL,791,Secondary,-31.97278911564626,-10.714285714285714,-6.5420560747663545,147.0,132.0,134.0,138.0,150.0,140.0,124.0,134.0,121.0,121.0,112.0,111.0,117.0,118.0,107.0,107.0,101.0,90.0,86.0,99.0,100.0,-106.681354,46.268821
Geyser High School,0627,301230000335,Geyser,Judith Basin,GEYSER K-12,473,Unified,-58.97435897435898,-30.434782608695656,-5.88235294117647,39.0,46.0,44.0,42.0,34.0,22.0,18.0,15.0,22.0,21.0,23.0,23.0,23.0,22.0,17.0,17.0,13.0,11.0,12.0,16.0,16.0,-110.492903,47.257521
Heart Butte High School,1656,300009900924,Heart Butte,Pondera,HEART BUTTE K-12 SCHOOLS,1226,Unified,-7.59493670886076,48.97959183673469,19.672131147540984,79.0,77.0,58.0,54.0,60.0,52.0,39.0,43.0,48.0,45.0,49.0,48.0,54.0,61.0,67.0,61.0,63.0,66.0,82.0,74.0,73.0,-112.833911,48.274928
Capital High School,1547,301383000429,Helena,Lewis and Clark,HELENA HIGH SCHOOL,488,Secondary,-3.6645525017618046,3.2477341389728096,2.320359281437125,1419.0,1432.0,1425.0,1431.0,1404.0,1417.0,1369.0,1383.0,1369.0,1362.0,1324.0,1276.0,1269.0,1320.0,1357.0,1336.0,1353.0,1366.0,1350.0,1427.0,1367.0,-112.048119,46.614461
Frenchtown High School,0803,301152000313,Frenchtown,Missoula,FRENCHTOWN K-12 SCHOOLS,599,Unified,22.10242587601078,16.452442159383033,18.58638743455497,371.0,389.0,412.0,410.0,400.0,402.0,399.0,390.0,393.0,388.0,389.0,370.0,389.0,398.0,412.0,382.0,417.0,457.0,490.0,475.0,453.0,-114.241647,47.021559
Plains High School,1046,302085000623,Plains,Sanders,PLAINS K-12,803,Unified,-26.519337016574585,-6.338028169014084,0.7575757575757576,181.0,188.0,182.0,178.0,167.0,153.0,149.0,155.0,162.0,149.0,142.0,143.0,133.0,113.0,117.0,132.0,149.0,150.0,143.0,138.0,133.0,-114.885193,47.46528
Hamilton High School,1084,301326000389,Hamilton,Ravalli,HAMILTON K-12 SCHOOLS,735,Unified,-6.25,8.3984375,12.12121212121212,592.0,557.0,582.0,558.0,576.0,563.0,534.0,533.0,564.0,533.0,512.0,528.0,505.0,497.0,486.0,495.0,474.0,505.0,543.0,558.0,555.0,-114.141478,46.254056
Denton High School,0381,300885000252,Denton,Fergus,DENTON HIGH SCHOOL,282,Secondary,-82.75862068965517,-69.6969696969697,-41.17647058823529,58.0,53.0,48.0,45.0,42.0,35.0,40.0,36.0,37.0,36.0,33.0,38.0,32.0,24.0,19.0,17.0,15.0,7.0,7.0,10.0,10.0,-109.94018,47.316743
Harrison High School,0727,301353000404,Harrison,Madison,HARRISON K-12 SCHOOLS,543,Unified,-47.16981132075472,-28.205128205128204,-6.666666666666667,53.0,48.0,45.0,44.0,42.0,42.0,38.0,42.0,46.0,43.0,39.0,30.0,27.0,22.0,30.0,30.0,26.0,36.0,28.0,27.0,28.0,-111.785076,45.699277
Great Falls High School,0134,301305000380,Great Falls,Cascade,GREAT FALLS HIGH SCHOOL,99,Secondary,-13.934863854778431,6.472919418758257,8.992562542258282,1873.0,1959.0,1937.0,1921.0,1793.0,1759.0,1769.0,1624.0,1566.0,1485.0,1514.0,1484.0,1480.0,1460.0,1444.0,1479.0,1530.0,1555.0,1640.0,1641.0,1612.0,-111.273618,47.501792
Poplar High School,1016,302127000638,Poplar,Roosevelt,POPLAR HIGH SCHOOL,776,Secondary,7.5098814229249,27.699530516431924,19.823788546255507,253.0,232.0,236.0,215.0,213.0,204.0,216.0,210.0,198.0,220.0,213.0,202.0,204.0,221.0,223.0,227.0,248.0,252.0,243.0,276.0,272.0,-105.204451,48.112289
Baker High School,0335,300273000035,Baker,Fallon,BAKER K-12 SCHOOLS,244,Unified,-28.23529411764705,-7.575757575757576,-3.937007874015748,170.0,144.0,149.0,139.0,127.0,139.0,119.0,118.0,125.0,117.0,132.0,150.0,148.0,155.0,133.0,127.0,129.0,130.0,132.0,128.0,122.0,-104.280813,46.356558
Powder River Co Dist High,0931,300486000119,Broadus,Powder River,POWDER RIVER COUNTY DISTRICT HIGH SCHOOL,706,Secondary,-54.01459854014598,-43.24324324324324,-1.5625,137.0,143.0,135.0,128.0,139.0,120.0,122.0,128.0,112.0,109.0,111.0,101.0,98.0,86.0,69.0,64.0,61.0,69.0,78.0,74.0,63.0,-105.404421,45.447034
Helena High School,0661,301383000430,Helena,Lewis and Clark,HELENA HIGH SCHOOL,488,Secondary,-35.22050059594756,-32.358431860609834,-29.323797139141742,1678.0,1615.0,1623.0,1630.0,1607.0,1569.0,1642.0,1655.0,1603.0,1623.0,1607.0,1582.0,1622.0,1574.0,1523.0,1538.0,1340.0,1254.0,1128.0,1087.0,1087.0,-112.018955,46.595067
Reed Point High School,1114,302226000657,Reedpoint,Stillwater,REED POINT HIGH SCHOOL,851,Secondary,-55.55555555555556,-38.46153846153847,-11.11111111111111,36.0,25.0,25.0,24.0,22.0,26.0,32.0,34.0,30.0,28.0,26.0,27.0,22.0,23.0,21.0,18.0,18.0,24.0,21.0,19.0,16.0,-109.548076,45.705836
Thompson Falls High Schl,1048,302610000738,Thompson Falls,Sanders,THOMPSON FALLS HIGH SCHOOL,805,Secondary,-41.45569620253164,6.321839080459771,16.352201257861633,316.0,357.0,257.0,246.0,215.0,213.0,199.0,187.0,188.0,180.0,174.0,171.0,173.0,164.0,176.0,159.0,156.0,188.0,209.0,201.0,185.0,-115.322223,47.595239
Medicine Lake High School,1065,301817000552,Medicine Lake,Sheridan,MEDICINE LAKE K-12 SCHOOLS,822,Unified,-47.61904761904761,-38.88888888888889,-18.51851851851852,42.0,41.0,36.0,25.0,26.0,28.0,31.0,34.0,39.0,38.0,36.0,31.0,25.0,24.0,21.0,27.0,24.0,23.0,30.0,24.0,22.0,-104.501957,48.503533
Brockton High School,1026,300504000125,Brockton,Roosevelt,BROCKTON HIGH SCHOOL,783,Secondary,-15.151515151515152,180.0,60.0,66.0,59.0,58.0,61.0,53.0,50.0,31.0,34.0,19.0,18.0,20.0,31.0,39.0,51.0,30.0,35.0,28.0,37.0,43.0,52.0,56.0,-104.914693,48.151964
Custer Co District High,0266,300793000226,Miles City,Custer,CUSTER COUNTY HIGH SCHOOL,192,Secondary,-15.3184165232358,-2.380952380952381,-1.6,581.0,584.0,595.0,588.0,622.0,611.0,559.0,547.0,494.0,474.0,504.0,546.0,556.0,537.0,529.0,500.0,510.0,495.0,508.0,495.0,492.0,-105.839751,46.407061
Roundup H S,0811,302307000675,Roundup,Musselshell,ROUNDUP HIGH SCHOOL,606,Secondary,-7.065217391304348,-11.855670103092782,3.0120481927710845,184.0,171.0,174.0,184.0,197.0,198.0,187.0,181.0,177.0,182.0,194.0,204.0,171.0,178.0,166.0,166.0,179.0,166.0,174.0,172.0,171.0,-108.549577,46.447246
Roy High School,0379,302316000677,Roy,Fergus,ROY K-12 SCHOOLS,280,Unified,-71.875,-35.714285714285715,-40.0,32.0,24.0,24.0,26.0,30.0,27.0,21.0,17.0,12.0,17.0,14.0,15.0,16.0,11.0,14.0,15.0,12.0,10.0,10.0,6.0,9.0,-108.95529,47.330925
Judith Gap High School,1233,301539000469,Judith Gap,Wheatland,JUDITH GAP HIGH SCHOOL,949,Secondary,-85.71428571428571,0.0,0.0,42.0,36.0,26.0,29.0,14.0,13.0,19.0,17.0,10.0,7.0,6.0,4.0,6.0,11.0,13.0,6.0,5.0,7.0,5.0,3.0,6.0,-109.753141,46.679469
Broadwater High School,0081,300498000123,Townsend,Broadwater,TOWNSEND K-12 SCHOOLS,55,Unified,-21.888412017167383,-9.9009900990099,-11.650485436893204,233.0,232.0,220.0,220.0,234.0,246.0,247.0,249.0,224.0,209.0,202.0,203.0,199.0,208.0,227.0,206.0,212.0,194.0,193.0,185.0,182.0,-111.519017,46.322024
Fromberg High School,0099,301165000317,Fromberg,Carbon,FROMBERG K-12 SCHOOLS,72,Unified,-57.407407407407405,-46.51162790697674,-45.23809523809524,54.0,53.0,43.0,57.0,44.0,44.0,47.0,44.0,37.0,33.0,43.0,40.0,39.0,39.0,33.0,42.0,47.0,38.0,41.0,33.0,23.0,-108.91206,45.393154
Sidney High School,0981,302423000702,Sidney,Richland,SIDNEY HIGH SCHOOL,746,Secondary,-15.246636771300448,-4.785894206549118,-2.3255813953488373,446.0,469.0,417.0,429.0,421.0,406.0,389.0,365.0,371.0,402.0,397.0,402.0,417.0,364.0,387.0,387.0,403.0,408.0,388.0,387.0,378.0,-104.156639,47.705026
Rosebud High School,1038,302292000672,Rosebud,Rosebud,ROSEBUD K-12 SCHOOLS,795,Unified,-65.71428571428571,-66.66666666666666,-20.0,35.0,30.0,27.0,31.0,36.0,40.0,44.0,35.0,39.0,38.0,36.0,31.0,13.0,17.0,13.0,15.0,18.0,15.0,10.0,10.0,12.0,-106.44174,46.275506
Bigfork High School,0443,300384000058,Bigfork,Flathead,BIGFORK HIGH SCHOOL,331,Secondary,-6.133333333333333,25.71428571428571,11.041009463722396,375.0,366.0,375.0,367.0,335.0,310.0,287.0,257.0,259.0,267.0,280.0,290.0,282.0,299.0,311.0,317.0,339.0,315.0,343.0,354.0,352.0,-114.079294,48.064726
Lambert High School,1006,301602000493,Lambert,Richland,LAMBERT HIGH SCHOOL,769,Secondary,21.21212121212121,0.0,25.0,33.0,36.0,37.0,29.0,30.0,29.0,28.0,31.0,33.0,39.0,40.0,45.0,45.0,42.0,36.0,32.0,34.0,26.0,38.0,43.0,40.0,-104.622383,47.685106
